Player,No.,Age,Pos,G,GS,Wt,Ht,College/Univ,BirthDate,Yrs,AV,Drafted (tm/rnd/yr),Player-additional
Keenan Allen,13.0,32.0,WR,15,15,211,2-Jun,California,4/27/1992,11,6.0,San Diego Chargers / 3rd / 76th pick / 2013,AlleKe00
Kiran Amegadjie,72.0,22.0,OL,6,1,326,5-Jun,Yale,2/1/2002,Rook,1.0,Chicago Bears / 3rd / 75th pick / 2024,AmegKi00
Tyson Bagent,17.0,24.0,QB,4,0,213,3-Jun,Shepherd,6/8/2000,1,0.0,NaN,BageTy00
Josh Blackwell,39.0,25.0,DB,17,1,180,11-May,Duke,4/5/1999,2,2.0,NaN,BlacJo00
Austin Booker,94.0,22.0,DL,17,0,245,6-Jun,MinnesotaKansas,12/14/2002,Rook,1.0,Chicago Bears / 5th / 144th pick / 2024,BookAu00
Larry Borom,75.0,25.0,OL,8,4,333,5-Jun,Missouri,3/30/1999,3,2.0,Chicago Bears / 5th / 151st pick / 2021,BoroLa00
Kevin Byard,31.0,31.0,DB,17,17,212,11-May,Middle Tenn. St.,8/17/1993,8,7.0,Tennessee Titans / 3rd / 64th pick / 2016,ByarKe01
Adrian Colbert,24.0,31.0,DB,5,0,205,2-Jun,Miami (FL),10/6/1993,7,0.0,San Francisco 49ers / 7th / 229th pick / 2017,ColbAd00
Byron Cowart,93.0,28.0,DT,15,7,300,3-Jun,Maryland,5/20/1996,5,4.0,New England Patriots / 5th / 159th pick / 2019,CowaBy00
Jake Curhan,73.0,26.0,OL,10,2,316,6-Jun,California,7/9/1998,3,1.0,NaN,CurhJa00
Scott Daly,46.0,30.0,LS,17,0,245,1-Jun,Notre Dame,2/7/1994,3,1.0,NaN,DalySc01
Gervon Dexter,99.0,23.0,DL,15,15,312,6-Jun,Florida,10/5/2001,1,8.0,Chicago Bears / 2nd / 53rd pick / 2023,DextGe00
Tremaine Edmunds,49.0,26.0,LB,17,17,250,5-Jun,Virginia Tech,5/2/1998,6,9.0,Buffalo Bills / 1st / 16th pick / 2018,EdmuTr01
T.J. Edwards,53.0,28.0,LB,17,17,242,1-Jun,Wisconsin,8/12/1996,5,9.0,NaN,EdwaTJ02
Darrynton Evans,25.0,26.0,RB,5,0,203,10-May,Appalachian St.,7/9/1998,4,0.0,Tennessee Titans / 3rd / 93rd pick / 2020,EvanDa02
Gerald Everett,14.0,30.0,TE,17,4,252,3-Jun,South Alabama,6/25/1994,7,0.0,Los Angeles Rams / 2nd / 44th pick / 2017,EverGe00
Jonathan Ford,64.0,25.0,DL,4,0,338,5-Jun,Auburn,9/29/1999,1,0.0,Green Bay Packers / 7th / 234th pick / 2022,FordJo00
Kyler Gordon,6.0,25.0,DB,15,13,200,Jun-00,Washington,12/17/1999,2,5.0,Chicago Bears / 2nd / 39th pick / 2022,GordKy00
Daniel Hardy,92.0,26.0,DL,17,0,240,3-Jun,Montana St.,12/15/1998,2,1.0,Los Angeles Rams / 7th / 235th pick / 2022,HardDa01
Elijah Hicks,22.0,25.0,DB,12,7,200,11-May,California,10/16/1999,2,3.0,Chicago Bears / 7th / 254th pick / 2022,HickEl00
Travis Homer,20.0,26.0,RB,10,0,202,10-May,Miami (FL),8/7/1998,5,0.0,Seattle Seahawks / 6th / 204th pick / 2019,HomeTr00
Teven Jenkins,76.0,26.0,OL,14,14,321,6-Jun,Oklahoma St.,3/3/1998,3,5.0,Chicago Bears / 2nd / 39th pick / 2021,JenkTe00
Collin Johnson,80.0,27.0,WR,9,0,222,6-Jun,Texas,9/23/1997,4,0.0,Jacksonville Jaguars / 5th / 165th pick / 2020,JohnCo01
Jaylon Johnson,1.0,25.0,DB,17,17,196,Jun-00,Utah,4/19/1999,4,8.0,Chicago Bears / 2nd / 50th pick / 2020,JohnJa13
Roschon Johnson,23.0,23.0,RB,14,0,225,Jun-00,Texas,1/31/2001,1,2.0,Chicago Bears / 4th / 115th pick / 2023,JohnRo07
Cole Kmet,85.0,25.0,TE,17,16,260,6-Jun,Notre Dame,3/10/1999,4,4.0,Chicago Bears / 2nd / 43rd pick / 2020,KmetCo00
Doug Kramer,68.0,26.0,OL,16,0,300,2-Jun,Illinois,6/4/1998,1,1.0,Chicago Bears / 6th / 207th pick / 2022,KramDo00
Marcedes Lewis,84.0,40.0,TE,17,4,267,6-Jun,UCLA,5/19/1984,18,0.0,Jacksonville Jaguars / 1st / 28th pick / 2006,LewiMa00
Jacob Martin,55.0,29.0,DL,11,0,242,2-Jun,Temple,12/11/1995,6,1.0,Seattle Seahawks / 6th / 186th pick / 2018,MartJa02
Jordan McFadden,NaN,25.0,OL,0,0,303,2-Jun,Clemson,11/16/1999,1,NaN,Los Angeles Chargers / 5th / 156th pick / 2023,McFaJo00
D.J. Moore,2.0,27.0,WR,17,17,210,11-May,Maryland,4/14/1997,6,9.0,Carolina Panthers / 1st / 24th pick / 2018,MoorD.00
Tarvarius Moore,30.0,28.0,S,11,0,200,2-Jun,Southern Miss,8/16/1996,6,1.0,San Francisco 49ers / 3rd / 95th pick / 2018,MoorTa00
Rome Odunze,15.0,22.0,WR,17,12,215,3-Jun,Washington,6/3/2002,Rook,6.0,Chicago Bears / 1st / 9th pick / 2024,OdunRo00
Amen Ogbongbemiga,45.0,26.0,LB,17,0,231,Jun-00,Oklahoma St.,9/4/1998,3,1.0,NaN,OgboAm00
Jonathan Owens,36.0,29.0,S,17,5,210,11-May,Missouri Western St.,7/22/1995,5,3.0,NaN,OwenJo01
Zacch Pickens,96.0,24.0,DL,9,3,300,4-Jun,South Carolina,3/6/2000,1,2.0,Chicago Bears / 3rd / 64th pick / 2023,PickZa00
Matt Pryor,79.0,30.0,OL,17,15,332,7-Jun,TCU,12/16/1994,5,6.0,Philadelphia Eagles / 6th / 206th pick / 2018,PryoMa00
Dominique Robinson,90.0,26.0,DL,6,1,253,5-Jun,Miami (OH),7/2/1998,2,1.0,Chicago Bears / 5th / 174th pick / 2022,RobiDo00
Jack Sanborn,57.0,24.0,LB,17,3,234,2-Jun,Wisconsin,7/29/2000,2,3.0,NaN,SanbJa00
Cairo Santos,8.0,33.0,K,17,0,175,8-May,Tulane,11/12/1991,10,4.0,NaN,SantCa01
Tyler Scott,10.0,23.0,WR,11,0,185,11-May,Cincinnati,10/12/2001,1,0.0,Chicago Bears / 4th / 133rd pick / 2023,ScotTy00
Noah Sewell,44.0,22.0,LB,9,0,253,2-Jun,Oregon,4/26/2002,1,1.0,Chicago Bears / 5th / 148th pick / 2023,SeweNo00
Coleman Shelton,65.0,29.0,OL,17,17,285,5-Jun,Washington,7/28/1995,5,6.0,NaN,ShelCo00
Terell Smith,32.0,25.0,DB,14,2,207,Jun-00,Minnesota,7/27/1999,1,2.0,Chicago Bears / 5th / 165th pick / 2023,SmitTe05
Ameer Speed,38.0,24.0,CB,2,0,215,3-Jun,GeorgiaMichigan St.,10/13/2000,1,0.0,New England Patriots / 6th / 214th pick / 2023,SpeeAm00
Tyrique Stevenson,29.0,24.0,DB,16,14,204,Jun-00,GeorgiaMiami (FL),5/26/2000,1,6.0,Chicago Bears / 2nd / 56th pick / 2023,StevTy01
Montez Sweat,98.0,28.0,DL,16,16,262,6-Jun,Michigan St.Copiah-Lincoln CCMississippi St.,9/4/1996,5,8.0,Washington Redskins / 1st / 26th pick / 2019,SweaMo00
D'Andre Swift,4.0,25.0,RB,17,17,215,9-May,Georgia,1/14/1999,4,8.0,Detroit Lions / 2nd / 35th pick / 2020,SwifDA00
Darrell Taylor,52.0,27.0,DL,16,0,267,4-Jun,Tennessee,3/24/1997,3,2.0,Seattle Seahawks / 2nd / 48th pick / 2020,TaylDa00
Tory Taylor,19.0,27.0,P,17,0,223,4-Jun,Iowa,7/10/1997,Rook,4.0,Chicago Bears / 4th / 122nd pick / 2024,TaylTo01
DeMarcus Walker,95.0,30.0,DL,17,17,280,4-Jun,Florida St.,9/30/1994,7,8.0,Denver Broncos / 2nd / 51st pick / 2017,WalkDe03
Caleb Williams,18.0,23.0,QB,17,17,215,1-Jun,OklahomaUSC,11/18/2001,Rook,12.0,Chicago Bears / 1st / 1st pick / 2024,WillCa03
Chris Williams,91.0,26.0,DT,17,1,302,3-Jun,Wagner,6/16/1998,3,2.0,NaN,WillCh08
Darnell Wright,58.0,23.0,OL,16,16,333,6-Jun,Tennessee,8/10/2001,1,6.0,Chicago Bears / 1st / 10th pick / 2023,WrigDa00
Tommy Sweeney (PRA_),87.0,29.0,TE,0,0,255,5-Jun,Boston Col.,7/1/1995,5,NaN,Buffalo Bills / 7th / 228th pick / 2019,SweeTo00
Ryan Bates (IR),71.0,27.0,OL,3,2,302,4-Jun,Penn St.,2/14/1997,5,1.0,NaN,BateRy02
Andrew Billings (IR),97.0,29.0,DL,8,8,311,1-Jun,Baylor,3/6/1995,7,4.0,Cincinnati Bengals / 4th / 122nd pick / 2016,BillAn00
Jaquan Brisker (IR),9.0,25.0,DB,5,5,200,1-Jun,LackawannaPenn St.,4/20/1999,2,2.0,Chicago Bears / 2nd / 48th pick / 2022,BrisJa01
Stephen Carlson (IR),88.0,28.0,TE,0,0,240,4-Jun,Princeton,12/12/1996,5,NaN,NaN,CarlSt00
DeAndre Carter (IR),11.0,31.0,WR,13,0,190,8-May,Sacramento St.,4/10/1993,6,1.0,NaN,CartDe02
Braxton Jones (IR),70.0,25.0,OL,12,12,310,5-Jun,Southern Utah,3/27/1999,2,4.0,Chicago Bears / 5th / 168th pick / 2022,JoneBr08
Jaylon Jones (IR),21.0,27.0,DB,8,1,190,11-May,Mississippi,10/14/1997,2,1.0,NaN,JoneJa12
Bill Murray (IR),60.0,27.0,OL,3,0,307,4-Jun,William & Mary,7/3/1997,2,0.0,NaN,MurrBi00
Patrick Scales (IR),48.0,36.0,LS,0,0,226,3-Jun,Utah St.,2/11/1988,10,NaN,NaN,ScalPa00
Nsimba Webster (IR),83.0,28.0,WR,0,0,180,10-May,Eastern Washington,1/27/1996,5,NaN,NaN,WebsNs00
Ian Wheeler (IR),33.0,23.0,RB,0,0,205,11-May,Howard,9/15/2001,Rook,NaN,NaN,WheeIa00
Maurice Alexander (FRES),NaN,27.0,WR,0,0,174,11-May,Florida International,1/10/1997,2,NaN,NaN,AlexMa02
Theo Benedet (FRES),62.0,23.0,G,0,0,305,7-Jun,British Columbia (CAN),10/12/2001,Rook,NaN,NaN,BeneTh00
Alex Cook (FRES),NaN,25.0,S,0,0,196,1-Jun,Washington,5/21/1999,1,NaN,NaN,CookAl00
Chris Glaser (FRES),63.0,25.0,OL,3,0,306,4-Jun,Virginia,10/1/1999,1,0.0,NaN,GlasCh01
John Jackson (FRES),82.0,25.0,WR,0,0,215,1-Jun,USC,8/23/1999,Rook,NaN,NaN,JackJo04
Carl Jones (FRES),50.0,23.0,LB,1,0,230,2-Jun,UCLA,8/8/2001,Rook,0.0,NaN,JoneCa05
Jamree Kromah (FRES),59.0,24.0,DL,0,0,275,4-Jun,James Madison,6/14/2000,Rook,NaN,NaN,KromJa00
Joshua Miles (FRES),NaN,28.0,T,0,0,325,5-Jun,Morgan St.,1/4/1996,5,NaN,Arizona Cardinals / 7th / 248th pick / 2019,MileJo00
Jordan Murray (FRES),NaN,27.0,TE,0,0,240,5-Jun,North Texas,5/17/1997,Rook,NaN,NaN,MurrJo00
Austin Reed (FRES),16.0,24.0,QB,0,0,220,1-Jun,Southern IllinoisWest FloridaWestern Kentucky,2/22/2000,Rook,NaN,NaN,ReedAu00
Ricky Stromberg (FRES),67.0,24.0,C,0,0,313,4-Jun,Arkansas,11/10/2000,1,NaN,Washington Commanders / 3rd / 97th pick / 2023,StroRi01
Samori Toure (FRES),83.0,26.0,WR,0,0,191,1-Jun,MontanaNebraska,3/24/1998,2,NaN,Green Bay Packers / 7th / 258th pick / 2022,TourSa00
Joel Wilson (FRES),86.0,24.0,TE,0,0,242,4-Jun,Central Michigan,6/21/2000,Rook,NaN,NaN,WilsJo02
Jordan Addison,3.0,22.0,WR,15,15,175,11-May,PittsburghUSC,1/27/2002,1,8.0,Minnesota Vikings / 1st / 23rd pick / 2023,AddiJo00
Cam Akers,NaN,25.0,RB,12,0,217,10-May,Florida St.,6/22/1999,4,2.0,Los Angeles Rams / 2nd / 52nd pick / 2020,AkerCa00
Brian Asamoah,2.0,24.0,LB,17,0,226,Jun-00,Oklahoma,3/29/2000,2,1.0,Minnesota Vikings / 3rd / 66th pick / 2022,AsamBr00
Garrett Bradbury,56.0,29.0,C,17,17,300,3-Jun,North Carolina St.,6/20/1995,5,7.0,Minnesota Vikings / 1st / 18th pick / 2019,BradGa00
Blake Brandel,64.0,27.0,G,17,17,315,7-Jun,Oregon St.,1/23/1997,3,7.0,Minnesota Vikings / 6th / 203rd pick / 2020,BranBl00
Jonathan Bullard,90.0,31.0,DL,17,17,290,3-Jun,Florida,10/22/1993,8,8.0,Chicago Bears / 3rd / 72nd pick / 2016,BullJo00
Camryn Bynum,24.0,26.0,S,17,17,200,Jun-00,California,7/19/1998,3,7.0,Minnesota Vikings / 4th / 125th pick / 2021,BynuCa00
Blake Cashman,51.0,28.0,LB,14,14,235,1-Jun,Minnesota,5/10/1996,5,7.0,New York Jets / 5th / 157th pick / 2019,CashBl00
Ty Chandler,32.0,26.0,RB,17,0,204,11-May,TennesseeNorth Carolina,5/12/1998,2,2.0,Minnesota Vikings / 5th / 169th pick / 2022,ChanTy01
Sam Darnold,14.0,27.0,QB,17,17,225,3-Jun,USC,6/5/1997,6,14.0,New York Jets / 1st / 3rd pick / 2018,DarnSa00
Andrew DePaola,42.0,37.0,LS,13,0,229,1-Jun,Rutgers,7/28/1987,10,2.0,NaN,DePaAn00
Dan Feeney,69.0,30.0,C,8,0,305,4-Jun,Indiana,5/29/1994,7,1.0,Los Angeles Chargers / 3rd / 71st pick / 2017,FeenDa00
Stephon Gilmore,2.0,34.0,CB,15,15,190,Jun-00,South Carolina,9/19/1990,12,6.0,Buffalo Bills / 1st / 10th pick / 2012,GilmSt00
Jonathan Greenard,58.0,27.0,OLB,17,17,259,3-Jun,LouisvilleFlorida,5/25/1997,4,12.0,Houston Texans / 3rd / 90th pick / 2020,GreeJo04
Shaquill Griffin,1.0,29.0,CB,17,3,198,Jun-00,Central Florida,7/20/1995,7,2.0,Seattle Seahawks / 3rd / 90th pick / 2017,GrifSh00
Kamu Grugier-Hill,54.0,30.0,LB,17,1,230,2-Jun,Eastern Illinois,5/16/1994,8,2.0,New England Patriots / 6th / 208th pick / 2016,GrugKa00
C.J. Ham,30.0,31.0,FB,17,3,250,11-May,Augustana (SD),7/22/1993,7,0.0,NaN,HamxC.00
T.J. Hockenson,87.0,27.0,TE,10,9,248,5-Jun,Iowa,7/3/1997,5,4.0,Detroit Lions / 1st / 8th pick / 2019,HockTJ00
Ed Ingram,67.0,25.0,G,16,9,307,3-Jun,LSU,2/11/1999,2,4.0,Minnesota Vikings / 2nd / 59th pick / 2022,IngrEd00
Theo Jackson,25.0,26.0,S,17,0,198,1-Jun,Tennessee,10/2/1998,2,1.0,Tennessee Titans / 6th / 204th pick / 2022,JackTh00
Justin Jefferson,18.0,25.0,WR,17,17,195,1-Jun,LSU,6/16/1999,4,14.0,Minnesota Vikings / 1st / 22nd pick / 2020,JeffJu00
Aaron Jones,33.0,30.0,RB,17,17,208,9-May,Texas-El Paso,12/2/1994,7,11.0,Green Bay Packers / 5th / 182nd pick / 2017,JoneAa00
Daniel Jones,13.0,27.0,QB,0,0,230,5-Jun,Duke,5/27/1997,5,NaN,New York Giants / 1st / 6th pick / 2019,JoneDa05
Patrick Jones II,91.0,26.0,OLB,15,1,264,4-Jun,Pittsburgh,9/29/1998,3,2.0,Minnesota Vikings / 3rd / 90th pick / 2021,JonePa00
Michael Jurgens,65.0,24.0,G,3,0,311,5-Jun,Wake Forest,1/1/2000,Rook,0.0,Minnesota Vikings / 7th / 230th pick / 2024,JurgMi02
Dwight McGlothern,29.0,22.0,CB,5,0,185,2-Jun,LSUArkansas,2/6/2002,Rook,0.0,NaN,McGlDw00
Josh Metellus,44.0,26.0,S,17,10,207,11-May,Michigan,1/21/1998,4,4.0,Minnesota Vikings / 6th / 205th pick / 2020,MeteJo00
Fabian Moreau,23.0,30.0,CB,7,0,204,Jun-00,UCLA,4/9/1994,7,0.0,Washington Redskins / 3rd / 81st pick / 2017,MoreFa00
Nick Mullens,12.0,29.0,QB,4,0,210,Jun-00,Southern Miss,3/21/1995,6,0.0,NaN,MullNi00
Johnny Mundt,86.0,30.0,TE,17,3,233,4-Jun,Oregon,11/23/1994,7,1.0,NaN,MundJo00
Byron Murphy,7.0,26.0,CB,17,17,190,11-May,Washington,1/18/1998,5,11.0,Arizona Cardinals / 2nd / 33rd pick / 2019,MurpBy00
Jalen Nailor,83.0,25.0,WR,17,7,190,Jun-00,Michigan St.,3/2/1999,2,4.0,Minnesota Vikings / 6th / 191st pick / 2022,NailJa00
Brian O'Neill,75.0,29.0,T,17,17,310,7-Jun,Pittsburgh,9/15/1995,6,12.0,Minnesota Vikings / 2nd / 62nd pick / 2018,ONeiBr00
Josh Oliver,84.0,27.0,TE,15,12,259,5-Jun,San Jose St.,3/21/1997,5,2.0,Jacksonville Jaguars / 3rd / 69th pick / 2019,OlivJo00
Ivan Pace,0.0,24.0,LB,11,10,231,10-May,Miami (OH)Cincinnati,12/16/2000,1,6.0,NaN,PaceIv00
Harrison Phillips,97.0,28.0,DL,17,17,307,3-Jun,Stanford,1/25/1996,6,8.0,Buffalo Bills / 3rd / 96th pick / 2018,PhilHa00
Brandon Powell,4.0,29.0,WR,17,1,181,8-May,Florida,9/12/1995,6,1.0,NaN,PoweBr00
David Quessenberry,76.0,34.0,T,17,0,310,5-Jun,San Jose St.,8/24/1990,7,1.0,Houston Texans / 6th / 176th pick / 2013,QuesDa00
Jalen Redmond,61.0,25.0,DL,13,2,291,2-Jun,Oklahoma,3/12/1999,1,2.0,NaN,RedmJa01
Will Reichard,16.0,23.0,K,13,0,187,1-Jun,Alabama,1/9/2001,Rook,2.0,Minnesota Vikings / 6th / 203rd pick / 2024,ReicWi00
Bo Richter,98.0,24.0,OLB,14,0,248,1-Jun,Air Force,8/13/2000,Rook,1.0,NaN,RichBo01
Dalton Risner,66.0,29.0,G,10,8,312,5-Jun,Kansas St.,7/13/1995,5,4.0,Denver Broncos / 2nd / 41st pick / 2019,RisnDa00
Cam Robinson,NaN,29.0,OT,10,10,335,6-Jun,Alabama,10/9/1995,7,5.0,Jacksonville Jaguars / 2nd / 34th pick / 2017,RobiCa00
Levi Drake Rodriguez,50.0,24.0,DL,2,0,306,2-Jun,Southwestern Assemblies of GodTexas A&M-Commerce,8/4/2000,Rook,0.0,Minnesota Vikings / 7th / 232nd pick / 2024,RodrLe00
Walter Rouse,78.0,23.0,T,1,0,313,6-Jun,StanfordOklahoma,3/9/2001,Rook,0.0,Minnesota Vikings / 6th / 177th pick / 2024,RousWa00
Trent Sherfield,11.0,28.0,WR,17,1,206,1-Jun,Vanderbilt,2/25/1996,6,1.0,NaN,SherTr00
Harrison Smith,22.0,35.0,S,16,16,211,2-Jun,Notre Dame,2/2/1989,12,7.0,Minnesota Vikings / 1st / 29th pick / 2012,SmitHa00
Jerry Tillery,99.0,28.0,DL,17,11,295,6-Jun,Notre Dame,10/8/1996,5,6.0,Los Angeles Chargers / 1st / 28th pick / 2019,TillJe00
Dallas Turner,15.0,21.0,OLB,16,0,247,3-Jun,Alabama,2/2/2003,Rook,2.0,Minnesota Vikings / 1st / 17th pick / 2024,TurnDa01
Andrew Van Ginkel,43.0,29.0,OLB,17,17,242,4-Jun,Wisconsin,7/1/1995,5,16.0,Miami Dolphins / 5th / 151st pick / 2019,VanGAn00
Jay Ward,20.0,24.0,S,16,0,188,1-Jun,LSU,7/13/2000,1,1.0,Minnesota Vikings / 4th / 134th pick / 2023,WardJa00
Jihad Ward,52.0,30.0,OLB,17,2,285,5-Jun,Illinois,5/11/1994,8,2.0,Oakland Raiders / 2nd / 44th pick / 2016,WardJi02
Ryan Wright,17.0,24.0,P,17,0,245,3-Jun,Tulane,6/1/2000,2,2.0,NaN,WrigRy00
Taki Taimani (IRD),94.0,25.0,DL,7,0,309,1-Jun,WashingtonOregon,10/6/1999,Rook,1.0,NaN,TaimTa00
Mekhi Blackmon (IR),5.0,25.0,CB,0,0,178,11-May,San MateoColoradoUSC,3/18/1999,1,NaN,Minnesota Vikings / 3rd / 102nd pick / 2023,BlacMe00
Christian Darrisaw (IR),71.0,25.0,T,7,7,315,5-Jun,Virginia Tech,6/2/1999,3,4.0,Minnesota Vikings / 1st / 23rd pick / 2021,DarrCh00
Jeremy Flax (IR),63.0,25.0,OL,0,0,343,5-Jun,Kentucky,8/25/1999,Rook,NaN,NaN,FlaxJe00
J.J. McCarthy (IR),9.0,21.0,QB,0,0,219,3-Jun,Michigan,1/20/2003,Rook,NaN,Minnesota Vikings / 1st / 10th pick / 2024,McCaJJ00
NaJee Thompson (IR),36.0,24.0,CB,0,0,205,11-May,Georgia Southern,7/7/2000,1,NaN,NaN,ThomNa00
Travis Bell (FRES),NaN,26.0,DL,0,0,305,1-Jun,Kennesaw St.,10/27/1998,1,NaN,Chicago Bears / 7th / 218th pick / 2023,BellTr01
Henry Byrd (FRES),NaN,25.0,OG,0,0,310,5-Jun,Princeton,7/1/1999,Rook,NaN,NaN,ByrdHe00
Kahlef Hailassie (FRES),NaN,24.0,CB,0,0,195,1-Jun,OregonIndependence (KS)Western Kentucky,11/9/2000,1,NaN,NaN,HailKa00
Jonathan Harris (FRES),NaN,28.0,DL,0,0,295,5-Jun,Lindenwood,8/4/1996,5,NaN,NaN,HarrJo05
Lucky Jackson (FRES),NaN,27.0,WR,0,0,186,Jun-00,Western Kentucky,7/17/1997,1,NaN,NaN,JackLu00
Marcellus Johnson (FRES),NaN,24.0,T,0,0,307,4-Jun,Missouri,4/1/2000,Rook,NaN,NaN,JohnMa09
Jeshaun Jones (FRES),82.0,25.0,WR,0,0,188,1-Jun,Maryland,12/22/1999,Rook,NaN,NaN,JoneJe01
Gabriel Murphy (FRES),NaN,24.0,OLB,2,0,247,2-Jun,North TexasUCLA,10/13/2000,Rook,0.0,NaN,MurpGa00
Trevor Reid (FRES),NaN,24.0,T,0,0,307,5-Jun,Georgia MilitaryLouisville,4/28/2000,Rook,NaN,NaN,ReidTr00
Brett Rypien (FRES),19.0,28.0,QB,0,0,202,2-Jun,Boise St.,7/9/1996,4,NaN,NaN,RypiBr00
Zavier Scott (FRES),36.0,25.0,RB,0,0,219,1-Jun,Maine,7/17/1999,Rook,NaN,NaN,ScotZa00
Reddy Steward (FRES),NaN,23.0,CB,0,0,178,11-May,Troy,5/4/2001,Rook,NaN,NaN,StewRe00
Ambry Thomas (FRES),38.0,25.0,CB,0,0,190,Jun-00,Michigan,9/9/1999,3,NaN,San Francisco 49ers / 3rd / 102nd pick / 2021,ThomAm00
Thayer Thomas (FRES),NaN,26.0,WR,0,0,195,Jun-00,North Carolina State,5/20/1998,Rook,NaN,NaN,ThomTh01
Max Tooley (FRES),45.0,26.0,LB,0,0,225,2-Jun,BYU,3/5/1998,Rook,NaN,NaN,ToolMa00
Leroy Watson (FRES),NaN,26.0,T,0,0,310,5-Jun,Hutchinson (KS)Texas-San Antonio,6/10/1998,1,NaN,NaN,WatsLe00
Nahshon Wright (FRES),25.0,26.0,CB,1,0,200,4-Jun,LaneyOregon St.,9/23/1998,3,0.0,Dallas Cowboys / 3rd / 99th pick / 2021,WrigNa00
Myles Adams,NaN,26.0,DL,4,0,290,2-Jun,Rice,3/9/1998,3,0.0,NaN,AdamMy00
Mitchell Agude,50.0,25.0,LB,4,0,245,4-Jun,Riverside CCUCLAMiami (FL),3/10/1999,1,0.0,NaN,AgudMi01
Alex Anzalone,34.0,30.0,LB,10,10,238,3-Jun,Florida,9/22/1994,7,5.0,New Orleans Saints / 3rd / 76th pick / 2017,AnzaAl00
Terrion Arnold,0.0,21.0,CB,16,15,199,Jun-00,Alabama,3/22/2003,Rook,5.0,Detroit Lions / 1st / 24th pick / 2024,ArnoTe00
Kayode Awosika,74.0,26.0,G,11,2,315,3-Jun,Buffalo,10/27/1998,3,2.0,NaN,AwosKa00
Jake Bates,39.0,25.0,K,17,0,202,10-May,Texas St.Arkansas,3/3/1999,1,4.0,NaN,BateJa00
Brian Branch,32.0,23.0,DB,16,16,203,Jun-00,Alabama,10/22/2001,1,8.0,Detroit Lions / 2nd / 45th pick / 2023,BranBr00
Teddy Bridgewater,12.0,32.0,QB,0,0,212,2-Jun,Louisville,11/10/1992,10,NaN,Minnesota Vikings / 1st / 32nd pick / 2014,BridTe00
Jack Campbell,46.0,24.0,LB,17,17,243,5-Jun,Iowa,8/22/2000,1,8.0,Detroit Lions / 1st / 18th pick / 2023,CampJa04
Taylor Decker,68.0,31.0,T,14,14,318,7-Jun,Ohio St.,8/23/1993,8,10.0,Detroit Lions / 1st / 16th pick / 2016,DeckTa00
Jack Fox,3.0,28.0,P,17,0,218,2-Jun,Rice,9/1/1996,4,3.0,NaN,FoxxJa01
Jahmyr Gibbs,26.0,22.0,RB,17,4,200,9-May,Georgia TechAlabama,3/20/2002,1,17.0,Detroit Lions / 1st / 12th pick / 2023,GibbJa01
Graham Glasgow,60.0,32.0,OL,16,16,315,6-Jun,Michigan,7/19/1992,8,8.0,Detroit Lions / 3rd / 95th pick / 2016,GlasGr00
Jared Goff,16.0,30.0,QB,17,17,217,4-Jun,California,10/14/1994,8,18.0,Los Angeles Rams / 1st / 1st pick / 2016,GoffJa00
Hogan Hatten,49.0,24.0,LS,17,0,239,2-Jun,Idaho,8/6/2000,Rook,1.0,NaN,HattHo00
Hendon Hooker,2.0,26.0,QB,3,0,220,3-Jun,Virginia TechTennessee,1/13/1998,1,0.0,Detroit Lions / 3rd / 68th pick / 2023,HookHe00
Kerby Joseph,31.0,24.0,S,17,17,203,1-Jun,Illinois,11/14/2000,2,14.0,Detroit Lions / 3rd / 97th pick / 2022,JoseKe03
Sam LaPorta,87.0,23.0,TE,16,16,245,3-Jun,Iowa,1/12/2001,1,8.0,Detroit Lions / 2nd / 34th pick / 2023,LaPoSa01
Christian Mahogany,73.0,24.0,OL,7,1,319,3-Jun,Boston Col.,10/11/2000,Rook,1.0,Detroit Lions / 6th / 210th pick / 2024,MahoCh00
Giovanni Manu,59.0,23.0,OL,0,0,354,7-Jun,British Columbia,1/26/2001,Rook,NaN,Detroit Lions / 4th / 126th pick / 2024,ManuGi00
Brodric Martin,96.0,25.0,DL,2,1,330,5-Jun,North AlabamaWestern Kentucky,5/24/1999,1,1.0,Detroit Lions / 3rd / 96th pick / 2023,MartBr00
Ifeatu Melifonwu,6.0,25.0,S,3,3,210,3-Jun,Syracuse,5/2/1999,3,1.0,Detroit Lions / 3rd / 101st pick / 2021,MeliIf00
David Montgomery,5.0,27.0,RB,14,14,224,11-May,Iowa St.,6/7/1997,5,10.0,Chicago Bears / 3rd / 73rd pick / 2019,MontDa01
Al-Quadin Muhammad,69.0,29.0,DL,9,2,250,3-Jun,Miami (FL),3/28/1995,7,2.0,New Orleans Saints / 6th / 196th pick / 2017,MuhaAl00
Ben Niemann,51.0,29.0,LB,17,4,235,2-Jun,Iowa,7/27/1995,6,3.0,NaN,NiemBe00
Michael Niese,62.0,26.0,OL,17,0,295,5-Jun,DaytonTemple,1/13/1998,1,1.0,NaN,NiesMi00
Morice Norris,40.0,24.0,S,2,0,198,11-May,Fresno St.,9/27/2000,Rook,0.0,NaN,NorrMo01
Trevor Nowaske,53.0,26.0,LB,14,2,235,3-Jun,Saginaw Valley St.,11/7/1998,1,2.0,NaN,NowaTr00
Pat O'Connor,95.0,31.0,DL,12,0,270,4-Jun,Eastern Michigan,11/1/1993,7,1.0,Detroit Lions / 7th / 250th pick / 2017,OConPa00
Levi Onwuzurike,91.0,26.0,DL,16,10,290,3-Jun,Washington,3/2/1998,3,5.0,Detroit Lions / 2nd / 41st pick / 2021,OnwuLe00
Josh Paschal,93.0,25.0,DL,14,10,274,3-Jun,Kentucky,12/17/1999,2,5.0,Detroit Lions / 2nd / 46th pick / 2022,PascJo00
Tim Patrick,17.0,31.0,WR,16,9,212,4-Jun,Utah,11/23/1993,6,4.0,NaN,PatrTi00
Anthony Pittman,NaN,28.0,LB,3,0,224,3-Jun,Wayne State (MI),11/24/1996,5,0.0,NaN,PittAn01
Frank Ragnow,77.0,28.0,C,16,16,310,5-Jun,Arkansas,5/17/1996,6,12.0,Detroit Lions / 1st / 20th pick / 2018,RagnFr00
Kalif Raymond,11.0,30.0,WR,12,2,180,8-May,Holy Cross,8/8/1994,8,3.0,NaN,RaymKa00
D.J. Reader,98.0,30.0,DL,15,15,335,3-Jun,Clemson,7/1/1994,8,7.0,Houston Texans / 5th / 166th pick / 2016,ReadD.00
Jalen Reeves-Maybin,42.0,29.0,LB,10,0,226,1-Jun,Tennessee,1/31/1995,7,1.0,Detroit Lions / 4th / 124th pick / 2017,ReevJa00
Craig Reynolds,13.0,28.0,RB,17,0,216,11-May,Kutztown (PA),6/15/1996,5,1.0,NaN,ReynCr00
Amik Robertson,21.0,26.0,CB,17,4,183,9-May,Louisiana Tech,7/6/1998,4,2.0,Las Vegas Raiders / 4th / 139th pick / 2020,RobeAm00
Allen Robinson,8.0,31.0,WR,12,0,210,2-Jun,Penn St.,8/24/1993,10,0.0,Jacksonville Jaguars / 2nd / 61st pick / 2014,RobiAl02
Penei Sewell,58.0,24.0,T,17,17,335,5-Jun,Oregon,10/9/2000,3,18.0,Detroit Lions / 1st / 7th pick / 2021,SewePe00
Dan Skipper,70.0,30.0,T,17,5,330,9-Jun,Arkansas,9/20/1994,7,4.0,NaN,SkipDa00
Za'Darius Smith,NaN,32.0,DL,8,7,270,4-Jun,East Mississippi CCKentucky,9/8/1992,9,4.0,Baltimore Ravens / 4th / 122nd pick / 2015,SmitZa00
Colby Sorsdal,75.0,24.0,OL,1,0,315,6-Jun,William & Mary,3/1/2000,1,0.0,Detroit Lions / 5th / 152nd pick / 2023,SorsCo00
Amon-Ra St. Brown,14.0,25.0,WR,17,17,202,Jun-00,USC,10/24/1999,3,14.0,Detroit Lions / 4th / 112th pick / 2021,StxxAm00
Zeke Turner,47.0,28.0,LB,9,0,214,2-Jun,Washington,6/9/1996,6,1.0,NaN,TurnZe00
Sione Vaki,33.0,23.0,RB,16,0,213,11-May,Utah,7/30/2001,Rook,1.0,Detroit Lions / 4th / 132nd pick / 2024,VakiSi00
Kindle Vildor,29.0,27.0,CB,17,2,189,11-May,Georgia Southern,12/11/1997,4,2.0,Chicago Bears / 5th / 163rd pick / 2020,VildKi00
Jameson Williams,9.0,23.0,WR,15,11,180,1-Jun,Ohio St.Alabama,3/26/2001,2,11.0,Detroit Lions / 1st / 12th pick / 2022,WillJa11
Jonah Williams,NaN,29.0,DL,2,1,275,5-Jun,Weber St.,8/17/1995,3,1.0,NaN,WillJo16
Brock Wright,89.0,26.0,TE,17,8,250,5-Jun,Notre Dame,11/27/1998,3,1.0,NaN,WrigBr01
Kevin Zeitler,71.0,34.0,G,16,16,340,4-Jun,Wisconsin,3/8/1990,12,8.0,Cincinnati Bengals / 1st / 27th pick / 2012,ZeitKe00
Shane Zylstra,84.0,28.0,TE,12,1,240,4-Jun,Minnesota St.,11/16/1996,3,0.0,NaN,ZylsSh00
Emmanuel Moseley (NON),4.0,28.0,CB,2,0,195,11-May,Tennessee,3/25/1996,6,0.0,NaN,MoseEm00
Ennis Rakestraw (IRD),15.0,22.0,CB,8,0,191,11-May,Missouri,6/5/2002,Rook,0.0,Detroit Lions / 2nd / 61st pick / 2024,RakeEn00
Michael Badgley (IR),17.0,29.0,K,0,0,188,10-May,Miami (FL),7/28/1995,6,NaN,NaN,BadgMi00
Derrick Barnes (IR),55.0,25.0,LB,3,3,240,Jun-00,Purdue,5/29/1999,3,1.0,Detroit Lions / 4th / 113th pick / 2021,BarnDe02
John Cominsky (IR),79.0,29.0,DL,0,0,285,5-Jun,Charleston (WV),11/22/1995,5,NaN,Atlanta Falcons / 4th / 135th pick / 2019,ComiJo00
Marcus Davenport (IR),92.0,28.0,DL,2,1,265,6-Jun,Texas-San Antonio,9/4/1996,6,1.0,New Orleans Saints / 1st / 14th pick / 2018,DaveMa00
Carlton Davis (IR),23.0,28.0,CB,13,13,206,1-Jun,Auburn,12/31/1996,6,5.0,Tampa Bay Buccaneers / 2nd / 63rd pick / 2018,DaviCa02
Khalil Dorsey (IR),30.0,26.0,CB,14,1,185,8-May,Northern Arizona,3/31/1998,4,1.0,NaN,DorsKh00
Connor Galvin (IR),76.0,24.0,OL,0,0,300,7-Jun,Baylor,3/11/2000,1,NaN,NaN,GalvCo00
Antoine Green (IR),18.0,25.0,WR,0,0,199,2-Jun,North Carolina,11/15/1999,1,NaN,Detroit Lions / 7th / 219th pick / 2023,GreeAn00
Aidan Hutchinson (IR),97.0,24.0,DL,5,5,268,7-Jun,Michigan,8/9/2000,2,3.0,Detroit Lions / 1st / 2nd pick / 2022,HutcAi00
Nate Lynn (IR),57.0,22.0,DL,0,0,256,3-Jun,William & Mary,7/6/2002,Rook,NaN,NaN,LynnNa00
Alim McNeill (IR),54.0,24.0,DL,14,14,315,2-Jun,North Carolina St.,5/11/2000,3,7.0,Detroit Lions / 3rd / 72nd pick / 2021,McNeAl00
Netane Muti (IR),52.0,25.0,G,0,0,315,3-Jun,Fresno St.,3/27/1999,4,NaN,Denver Broncos / 6th / 181st pick / 2020,MutiNe00
Kyle Peko (IR),96.0,31.0,DL,5,1,305,1-Jun,Oregon St.,7/23/1993,8,1.0,NaN,PekoKy00
Malcolm Rodriguez (IR),44.0,25.0,LB,10,6,234,11-May,Oklahoma St.,3/29/1999,2,3.0,Detroit Lions / 6th / 188th pick / 2022,RodrMa00
Mekhi Wingo (IR),94.0,21.0,DL,11,0,291,Jun-00,MissouriLSU,4/17/2003,Rook,1.0,Detroit Lions / 6th / 189th pick / 2024,WingMe00
Abraham Beauplan (FRES),48.0,24.0,LB,3,0,235,2-Jun,NavarroMarshall,2/3/2000,1,0.0,NaN,BeauAb00
Ronnie Bell (FRES),NaN,24.0,WR,0,0,190,Jun-00,Michigan,1/28/2000,1,NaN,San Francisco 49ers / 7th / 253rd pick / 2023,BellRo01
Kingsley Eguakun (FRES),65.0,23.0,C,0,0,307,3-Jun,Florida,3/23/2001,Rook,NaN,NaN,EguaKi00
Jake Fromm (FRES),18.0,26.0,QB,0,0,215,2-Jun,Georgia,7/30/1998,3,NaN,Buffalo Bills / 5th / 167th pick / 2020,FromJa00
DaRon Gilbert (FRES),43.0,23.0,LB,0,0,218,1-Jun,Northern Illinois,5/26/2001,Rook,NaN,NaN,GilbDa00
Erick Hallett (FRES),NaN,24.0,S,0,0,190,11-May,Pittsburgh,4/24/2000,Rook,NaN,Jacksonville Jaguars / 6th / 208th pick / 2023,HallEr00
Jamarco Jones (FRES),72.0,28.0,T,2,0,293,4-Jun,Ohio St.,6/4/1996,5,0.0,Seattle Seahawks / 5th / 168th pick / 2018,JoneJa08
Tom Kennedy (FRES),85.0,28.0,WR,4,0,195,10-May,Bryant,7/29/1996,5,0.0,NaN,KennTo01
Chris Smith (FRES),90.0,25.0,DL,5,0,305,1-Jun,HarvardNotre Dame,12/15/1999,1,0.0,NaN,SmitCh06
Loren Strickland (FRES),24.0,24.0,S,7,0,202,10-May,IndianapolisBall St.,5/31/2000,Rook,0.0,NaN,StriLo00
Stantley Thomas-Oliver (FRES),38.0,26.0,CB,1,0,190,Jun-00,Florida International,6/4/1998,4,0.0,Carolina Panthers / 7th / 221st pick / 2020,ThomSt00
Isaac Ukwu (FRES),45.0,25.0,DL,2,1,258,3-Jun,James MadisonMississippi,1/14/1999,Rook,1.0,NaN,UkwuIs00
Jaire Alexander,23.0,27.0,CB,7,7,196,10-May,Louisville,2/9/1997,6,3.0,Green Bay Packers / 1st / 18th pick / 2018,AlexJa00
Zayne Anderson,39.0,27.0,S,16,2,206,2-Jun,BYU,1/3/1997,3,2.0,NaN,AndeZa02
Corey Ballentine,26.0,28.0,CB,15,1,196,11-May,Washburn,4/13/1996,5,1.0,New York Giants / 6th / 180th pick / 2019,BallCo00
Chris Brooks,30.0,24.0,RB,15,0,226,1-Jun,CaliforniaBYU,1/11/2000,1,2.0,NaN,BrooCh00
Karl Brooks,94.0,24.0,DL,17,0,296,3-Jun,Bowling Green,5/8/2000,1,3.0,Green Bay Packers / 6th / 179th pick / 2023,BrooKa00
Javon Bullard,20.0,22.0,S,15,11,198,10-May,Georgia,9/5/2002,Rook,4.0,Green Bay Packers / 2nd / 58th pick / 2024,BullJa00
Kenny Clark,97.0,29.0,DL,17,17,314,3-Jun,UCLA,10/4/1995,8,9.0,Green Bay Packers / 1st / 27th pick / 2016,ClarKe01
Sean Clifford,6.0,26.0,QB,0,0,218,2-Jun,Penn St.,7/14/1998,1,NaN,Green Bay Packers / 5th / 149th pick / 2023,ClifSe00
Edgerrin Cooper,56.0,23.0,LB,14,4,229,2-Jun,Texas A&M,11/17/2001,Rook,4.0,Green Bay Packers / 2nd / 45th pick / 2024,CoopEd00
Brenton Cox,57.0,24.0,DL,7,0,250,4-Jun,GeorgiaFlorida,1/30/2000,1,1.0,NaN,CoxxBr02
LJ Davis,40.0,26.0,CB,0,0,203,1-Jun,Northern Arizona,12/30/1998,Rook,NaN,NaN,DaviLJ00
Tyler Davis,84.0,27.0,TE,0,0,252,4-Jun,ConnecticutGeorgia Tech,4/2/1997,4,NaN,Jacksonville Jaguars / 6th / 206th pick / 2020,DaviTy02
Andre Dillard,73.0,29.0,T,10,0,315,5-Jun,Washington St.,10/3/1995,5,1.0,Philadelphia Eagles / 1st / 22nd pick / 2019,DillAn00
AJ Dillon,28.0,26.0,RB,0,0,247,Jun-00,Boston Col.,5/2/1998,4,NaN,Green Bay Packers / 2nd / 62nd pick / 2020,DillAJ00
Romeo Doubs,87.0,24.0,WR,13,12,204,2-Jun,Nevada,4/13/2000,2,6.0,Green Bay Packers / 4th / 132nd pick / 2022,DoubRo00
Kingsley Enagbare,55.0,24.0,DL,17,7,258,4-Jun,South Carolina,1/18/2000,2,4.0,Green Bay Packers / 5th / 179th pick / 2022,EnagKi00
John FitzPatrick,NaN,24.0,TE,9,0,250,7-Jun,Georgia,3/9/2000,1,0.0,Atlanta Falcons / 6th / 213th pick / 2022,FitzJo00
Rashan Gary,52.0,27.0,DL,17,17,277,5-Jun,Michigan,12/3/1997,5,12.0,Green Bay Packers / 1st / 12th pick / 2019,GaryRa00
Travis Glover,79.0,24.0,T,7,0,317,6-Jun,Georgia St.,8/17/2000,Rook,1.0,Green Bay Packers / 6th / 202nd pick / 2024,GlovTr00
Malik Heath,18.0,24.0,WR,13,1,213,2-Jun,Copiah-Lincoln CCMississippi St.Mississippi,3/3/2000,1,1.0,NaN,HeatMa00
Ty'Ron Hopper,59.0,23.0,LB,17,0,228,2-Jun,FloridaMissouri,4/26/2001,Rook,1.0,Green Bay Packers / 3rd / 91st pick / 2024,HoppTy00
Josh Jacobs,8.0,26.0,RB,17,17,223,10-May,Alabama,2/11/1998,5,12.0,Oakland Raiders / 1st / 24th pick / 2019,JacoJo01
Elgton Jenkins,74.0,29.0,OL,17,17,311,5-Jun,Mississippi St.,12/26/1995,5,9.0,Green Bay Packers / 2nd / 44th pick / 2019,JenkEl00
Tucker Kraft,85.0,24.0,TE,17,17,259,5-Jun,South Dakota St.,11/3/2000,1,7.0,Green Bay Packers / 3rd / 78th pick / 2023,KrafTu00
MarShawn Lloyd,32.0,23.0,RB,1,0,220,9-May,South CarolinaUSC,1/5/2001,Rook,0.0,Green Bay Packers / 3rd / 88th pick / 2024,LloyMa00
Jordan Love,10.0,26.0,QB,15,15,219,4-Jun,Utah St.,11/2/1998,3,12.0,Green Bay Packers / 1st / 26th pick / 2020,LoveJo03
Isaiah McDuffie,58.0,25.0,LB,17,17,227,1-Jun,Boston Col.,7/21/1999,3,8.0,Green Bay Packers / 6th / 220th pick / 2021,McDuIs00
Xavier McKinney,29.0,26.0,S,17,17,201,Jun-00,Alabama,8/8/1998,4,15.0,New York Giants / 2nd / 36th pick / 2020,McKiXa00
Brandon McManus,NaN,33.0,K,11,0,201,3-Jun,Temple,7/25/1991,10,3.0,NaN,McMaBr01
Bo Melton,80.0,25.0,WR,17,0,189,11-May,Rutgers,5/18/1999,1,1.0,Seattle Seahawks / 7th / 229th pick / 2022,MeltBo00
Ellis Merriweather,38.0,25.0,RB,0,0,220,1-Jun,UMass,4/7/1999,Rook,NaN,NaN,MerrEl00
Jacob Monk,62.0,23.0,OL,10,0,308,3-Jun,Duke,6/4/2001,Rook,1.0,Green Bay Packers / 5th / 163rd pick / 2024,MonkJa00
Jordan Morgan,77.0,23.0,OT,6,1,311,5-Jun,Arizona,8/4/2001,Rook,1.0,Green Bay Packers / 1st / 25th pick / 2024,MorgJo03
Arron Mosby,53.0,25.0,DL,16,0,250,3-Jun,Fresno St.,4/13/1999,2,1.0,NaN,MosbAr00
Luke Musgrave,88.0,24.0,TE,7,3,253,6-Jun,Oregon St.,9/2/2000,1,0.0,Green Bay Packers / 2nd / 42nd pick / 2023,MusgLu00
Josh Myers,71.0,26.0,OL,16,16,310,5-Jun,Ohio St.,7/16/1998,3,8.0,Green Bay Packers / 2nd / 62nd pick / 2021,MyerJo00
Keisean Nixon,25.0,27.0,CB,17,15,200,10-May,South Carolina,6/22/1997,5,6.0,NaN,NixoKe00
Kitan Oladapo,27.0,24.0,S,9,0,216,2-Jun,Oregon St.,10/10/2000,Rook,1.0,Green Bay Packers / 5th / 169th pick / 2024,OladKi00
Matthew Orzech,NaN,29.0,LS,17,0,245,3-Jun,Azusa Pacific,4/12/1995,5,1.0,NaN,OrzeMa00
Jayden Reed,11.0,24.0,WR,17,10,187,11-May,Western MichiganMichigan St.,4/28/2000,1,9.0,Green Bay Packers / 2nd / 50th pick / 2023,ReedJa03
Sean Rhyan,75.0,24.0,G,17,17,321,5-Jun,UCLA,9/15/2000,2,9.0,Green Bay Packers / 3rd / 92nd pick / 2022,RhyaSe00
Robert Rochell,22.0,26.0,CB,11,0,193,Jun-00,Central Arkansas,4/26/1998,3,1.0,Los Angeles Rams / 4th / 130th pick / 2021,RochRo00
Ben Sims,89.0,24.0,TE,17,5,250,5-Jun,Baylor,5/16/2000,1,0.0,NaN,SimsBe00
Tedarrell Slaton,93.0,27.0,DL,17,17,330,4-Jun,Florida,10/3/1997,3,8.0,Green Bay Packers / 5th / 173rd pick / 2021,SlatTe00
Eric Stokes,21.0,25.0,CB,17,7,194,1-Jun,Georgia,3/1/1999,3,3.0,Green Bay Packers / 1st / 29th pick / 2021,StokEr00
Kadeem Telfort,76.0,26.0,T,16,0,322,6-Jun,FloridaGarden City (KS)Ala-Birmingham,11/10/1998,1,1.0,NaN,TelfKa00
Zach Tom,50.0,25.0,OL,17,17,304,4-Jun,Wake Forest,3/26/1999,2,9.0,Green Bay Packers / 4th / 140th pick / 2022,TomxZa00
Carrington Valentine,24.0,23.0,CB,15,7,189,Jun-00,Kentucky,9/9/2001,1,3.0,Green Bay Packers / 7th / 232nd pick / 2023,ValeCa00
Lukas Van Ness,90.0,23.0,DL,17,0,272,5-Jun,Iowa,7/6/2001,1,2.0,Green Bay Packers / 1st / 13th pick / 2023,VanNLu00
Quay Walker,7.0,24.0,LB,13,13,241,4-Jun,Georgia,5/8/2000,2,6.0,Green Bay Packers / 1st / 22nd pick / 2022,WalkQu00
Rasheed Walker,63.0,24.0,T,17,17,324,6-Jun,Penn St.,2/13/2000,2,10.0,Green Bay Packers / 7th / 249th pick / 2022,WalkRa00
Christian Watson,9.0,25.0,WR,15,15,208,4-Jun,North Dakota St.,5/12/1999,2,6.0,Green Bay Packers / 2nd / 34th pick / 2022,WatsCh00
Daniel Whelan,19.0,25.0,P,17,0,216,5-Jun,UC Davis,2/10/1999,1,2.0,NaN,WhelDa00
Dontayvion Wicks,13.0,23.0,WR,17,5,206,1-Jun,Virginia,6/16/2001,1,4.0,Green Bay Packers / 5th / 159th pick / 2023,WickDo00
Evan Williams,33.0,23.0,S,13,6,200,11-May,Fresno St.Oregon,7/28/2001,Rook,3.0,Green Bay Packers / 4th / 111th pick / 2024,WillEv00
Malik Willis,2.0,25.0,QB,7,2,219,1-Jun,AuburnLiberty,5/25/1999,2,3.0,Tennessee Titans / 3rd / 86th pick / 2022,WillMa12
Emanuel Wilson,31.0,25.0,RB,17,0,226,10-May,Johnson C. SmithFort Valley St.,5/8/1999,1,4.0,NaN,WilsEm00
Eric Wilson,45.0,30.0,LB,17,12,230,1-Jun,Cincinnati,9/26/1994,7,6.0,NaN,WilsEr00
Colby Wooden,96.0,24.0,DL,13,1,273,4-Jun,Auburn,12/21/2000,1,1.0,Green Bay Packers / 4th / 116th pick / 2023,WoodCo01
Devonte Wyatt,95.0,26.0,DL,14,0,304,3-Jun,Hutchinson (KS)Georgia,3/31/1998,2,2.0,Green Bay Packers / 1st / 28th pick / 2022,WyatDe00
Deslin Alexandre (FRES),49.0,26.0,DL,0,0,264,3-Jun,Pittsburgh,6/11/1998,Rook,NaN,NaN,AlexDe02
Omar Brown (FRES),40.0,24.0,S,2,0,200,1-Jun,Northern IowaNebraska,10/12/2000,Rook,0.0,NaN,BrowOm01
Isaiah Dunn (FRES),NaN,25.0,CB,0,0,193,Jun-00,Oregon St.,1/31/1999,3,NaN,NaN,DunnIs00
James Ester (FRES),65.0,23.0,DL,0,0,289,3-Jun,Northern Illinois,8/30/2001,Rook,NaN,NaN,EsteJa00
Lideatrick Griffin (FRES),NaN,23.0,WR,0,0,180,10-May,Mississippi St.,1/23/2001,Rook,NaN,NaN,GrifLi00
Kamal Hadden (FRES),36.0,23.0,CB,2,0,192,1-Jun,Independence (KS)Tennessee,1/17/2001,Rook,0.0,Kansas City Chiefs / 6th / 211th pick / 2024,HaddKa00
Alex Hale (FRES),16.0,NaN,K,0,0,203,1-Jun,Oklahoma State,NaN,Rook,NaN,NaN,HaleAl00
Kaleb Hayes (FRES),NaN,25.0,CB,0,0,195,Jun-00,BYU,3/19/1999,Rook,NaN,NaN,HayeKa00
Marquis Hayes (FRES),78.0,25.0,OG,0,0,318,5-Jun,Oklahoma,2/14/1999,Rook,NaN,Arizona Cardinals / 7th / 257th pick / 2022,HayeMa00
Julian Hicks (FRES),81.0,25.0,WR,0,0,201,2-Jun,Albany,9/29/1999,Rook,NaN,NaN,HickJu01
Trey Hill (FRES),NaN,24.0,C,0,0,335,4-Jun,Georgia,1/23/2000,3,NaN,Cincinnati Bengals / 6th / 190th pick / 2021,HillTr03
Donovan Jennings (FRES),67.0,25.0,OL,0,0,323,4-Jun,South Florida,11/24/1999,Rook,NaN,NaN,JennDo00
Cornelius Johnson (FRES),83.0,24.0,WR,0,0,208,3-Jun,Michigan,11/29/2000,Rook,NaN,Los Angeles Chargers / 7th / 253rd pick / 2024,JohnCo02
Kalen King (FRES),34.0,21.0,CB,0,0,190,11-May,Penn St.,1/28/2003,Rook,NaN,Green Bay Packers / 7th / 255th pick / 2024,KingKa00
Johnny Lumpkin (FRES),NaN,27.0,TE,0,0,268,6-Jun,Louisiana,9/3/1997,Rook,NaN,NaN,LumpJo00
Jeremiah Martin (FRES),51.0,24.0,DL,0,0,267,4-Jun,Texas A&MWashington,7/10/2000,Rook,NaN,NaN,MartJe00
Leonard Payne (FRES),NaN,24.0,DT,0,0,301,3-Jun,Colorado,9/15/2000,Rook,NaN,NaN,PaynLe00
Keith Randolph (FRES),NaN,NaN,DL,0,0,300,5-Jun,Illinois,NaN,Rook,NaN,NaN,RandKe01
Nesta Jade Silvera (FRES),NaN,24.0,DT,0,0,315,2-Jun,Miami (FL)Arizona St.,1/23/2000,1,NaN,Las Vegas Raiders / 7th / 231st pick / 2023,JadeNe00
Messiah Swinson (FRES),48.0,24.0,TE,0,0,259,7-Jun,Arizona St.,4/20/2000,Rook,NaN,NaN,SwinMe00
